,Player.ID,Last.Name,First.Name,Bats,Pitches,Team,V7
1,abreb001,Abreu,Bobby,L,R,ANA,OF
2,amara001,Amarista,Alexi,L,R,ANA,2B
3,aybae001,Aybar,Erick,B,R,ANA,SS
4,bellt002,Bell,Trevor,L,R,ANA,P
5,bourp001,Bourjos,Peter,R,R,ANA,OF
6,branr001,Branyan,Russell,L,R,ANA,3B
7,bulgj001,Bulger,Jason,R,R,ANA,P
8,calla001,Callaspo,Alberto,B,R,ANA,2B
9,cassb001,Cassevah,Bobby,R,R,ANA,P
10,chatt001,Chatwood,Tyler,R,R,ANA,P
11,congh001,Conger,Hank,B,R,ANA,C
12,downs001,Downs,Scott,L,L,ANA,P
13,hared001,Haren,Dan,R,R,ANA,P
14,huntt001,Hunter,Torii,R,R,ANA,CF
15,iztum001,Izturis,Maicer,B,R,ANA,SS
16,jepsk001,Jepsen,Kevin,R,R,ANA,P
17,kazms001,Kazmir,Scott,L,L,ANA,P
18,kendh001,Kendrick,Howard,R,R,ANA,2B
19,kohnm001,Kohn,Michael,R,R,ANA,P
20,mathj001,Mathis,Jeff,R,R,ANA,C
21,moorj001,Moore,Jeremy,L,R,ANA,OF
22,navae001,Navarro,Efren,L,L,ANA,1B
23,palmm001,Palmer,Matt,R,R,ANA,P
24,pettc001,Pettit,Chris,R,R,ANA,OF
25,pinej001,Pineiro,Joel,R,R,ANA,P
26,ramih002,Ramirez,Horacio,L,L,ANA,P
27,richg002,Richards,Garrett,R,R,ANA,P
28,rodnf001,Rodney,Fernando,R,R,ANA,P
29,rodrf005,Rodriguez,Francisco,R,R,ANA,P
30,romia001,Romine,Andrew,B,R,ANA,SS
31,sante001,Santana,Ervin,R,R,ANA,P
32,takah001,Takahashi,Hisanori,L,L,ANA,P
33,thomr006,Thompson,Rich,R,R,ANA,P
34,troum001,Trout,Mike,R,R,ANA,OF
35,trumm001,Trumbo,Mark,R,R,ANA,1B
36,velag002,Velazquez,Gil,R,R,ANA,SS
37,waldj001,Walden,Jordan,R,R,ANA,P
38,weavj003,Weaver,Jered,R,R,ANA,P
39,wellv001,Wells,Vernon,R,R,ANA,OF
40,willj003,Williams,Jerome,R,R,ANA,P
41,willr004,Willits,Reggie,B,R,ANA,OF
42,wilsb002,Wilson,Bobby,R,R,ANA,C
43,woodb003,Wood,Brandon,R,R,ANA,3B
44,alleb001,Allen,Brandon,L,R,ARI,1B
45,blanh001,Blanco,Henry,R,R,ARI,C
46,bloow001,Bloomquist,Willie,R,R,ARI,2B
47,blumg001,Blum,Geoff,B,R,ARI,3B
48,branr001,Branyan,Russell,L,R,ARI,3B
49,brazy001,Brazoban,Yhency,R,R,ARI,P
50,burrs001,Burroughs,Sean,L,R,ARI,3B
51,casta002,Castillo,Alberto,L,L,ARI,P
52,collj001,Collmenter,Josh,R,R,ARI,P
53,cookr001,Cook,Ryan,R,R,ARI,P
54,cowgc001,Cowgill,Collin,R,L,ARI,OF
55,demes001,Demel,Sam,R,R,ARI,P
56,drews001,Drew,Stephen,L,R,ARI,SS
57,dukez001,Duke,Zach,L,L,ARI,P
58,enrib001,Enright,Barry,R,R,ARI,P
59,galaa002,Galarraga,Armando,R,R,ARI,P
60,gillc002,Gillespie,Cole,R,R,ARI,OF
61,goldp001,Goldschmidt,Paul,R,R,ARI,1B
62,gutij002,Gutierrez,Juan,R,R,ARI,P
63,hammr001,Hammock,Robby,R,R,ARI,C
64,heila001,Heilman,Aaron,R,R,ARI,P
65,hernd002,Hernandez,David,R,R,ARI,P
66,hilla001,Hill,Aaron,R,R,ARI,2B
67,hudsd001,Hudson,Daniel,R,R,ARI,P
68,johnk003,Johnson,Kelly,L,R,ARI,OF
69,kenni001,Kennedy,Ian,R,R,ARI,P
70,kroez001,Kroenke,Zach,R,L,ARI,P
71,marqj001,Marquis,Jason,L,R,ARI,P
72,mcdoj003,McDonald,John,R,R,ARI,SS
73,mickk001,Mickolio,Kameron,R,R,ARI,P
74,milew001,Miley,Wade,L,L,ARI,P
75,miraj001,Miranda,Juan,L,L,ARI,1B
76,montm001,Montero,Miguel,L,R,ARI,C
77,moram002,Mora,Melvin,R,R,ARI,3B
78,nadyx001,Nady,Xavier,R,R,ARI,OF
79,overl001,Overbay,Lyle,L,L,ARI,1B
80,owinm001,Owings,Micah,R,R,ARI,P
81,parkj001,Parker,Jarrod,R,R,ARI,P
82,parrg001,Parra,Gerardo,L,L,ARI,OF
83,penaw001,Pena,Wily Mo,R,R,ARI,OF
84,patej001,Paterson,Joe,R,L,ARI,P
85,putzj001,Putz,J.J.,R,R,ARI,P
86,ransc001,Ransom,Cody,R,R,ARI,3B
87,rober002,Roberts,Ryan,R,R,ARI,2B
88,saunj001,Saunders,Joe,L,L,ARI,P
89,shawb001,Shaw,Bryan,B,R,ARI,P
90,uptoj001,Upton,Justin,R,R,ARI,OF
91,vasqe001,Vasquez,Esmerling,R,R,ARI,P
92,wilsj003,Wilson,Josh,R,R,ARI,2B
93,younc004,Young,Chris,R,R,ARI,OF
94,ziegb001,Ziegler,Brad,R,R,ARI,P
95,beacb001,Beachy,Brandon,R,R,ATL,P
96,boscj001,Boscan,J.C.,R,R,ATL,C
97,bourm001,Bourn,Michael,L,R,ATL,OF
98,conrb001,Conrad,Brooks,B,R,ATL,2B
99,consj001,Constanza,Jose,L,L,ATL,OF
100,delgr001,Delgado,Randall,R,R,ATL,P
101,diazm003,Diaz,Matt,R,R,ATL,OF
102,freef001,Freeman,Freddie,L,R,ATL,1B
103,gearc001,Gearrin,Cory,R,R,ATL,P
104,gonza002,Gonzalez,Alex,R,R,ATL,SS
105,hanst001,Hanson,Tommy,R,R,ATL,P
106,hernd001,Hernandez,Diory,R,R,ATL,2B
107,heywj001,Heyward,Jason,L,L,ATL,OF
108,hickb002,Hicks,Brandon,R,R,ATL,SS
109,hinse001,Hinske,Eric,L,R,ATL,1B
110,hudst001,Hudson,Tim,R,R,ATL,P
111,jonec004,Jones,Chipper,B,R,ATL,3B
112,jurrj001,Jurrjens,Jair,R,R,ATL,P
113,kimbc001,Kimbrel,Craig,R,R,ATL,P
114,lines001,Linebrink,Scott,R,R,ATL,P
115,lowed001,Lowe,Derek,R,R,ATL,P
116,lugoj001,Lugo,Julio,R,R,ATL,SS
117,martc005,Martinez,Cristhian,R,R,ATL,P
118,mathj002,Mather,Joe,R,R,ATL,OF
119,mccab002,McCann,Brian,L,R,ATL,C
120,mclon001,McLouth,Nate,L,R,ATL,CF
121,medlk001,Medlen,Kris,B,R,ATL,P
122,minom001,Minor,Mike,R,L,ATL,P
123,moylp001,Moylan,Peter,R,R,ATL,P
124,oflae001,O'Flaherty,Eric,L,L,ATL,P
125,pradm001,Prado,Martin,R,R,ATL,OF
126,procs001,Proctor,Scott,R,R,ATL,P
127,ramiw001,Ramirez,Wilkin,R,R,ATL,OF
128,richa001,Richardson,Antoan,B,R,ATL,OF
129,rossd001,Ross,David,R,R,ATL,C
130,schaj002,Schafer,Jordan,L,L,ATL,OF
131,sherg001,Sherrill,George,L,L,ATL,P
132,tehej001,Teheran,Julio,R,R,ATL,P
133,uggld001,Uggla,Dan,R,R,ATL,2B
134,valdl001,Asencio,Jairo,R,R,ATL,P
135,varva001,Varvaro,Anthony,R,R,ATL,P
136,ventj001,Venters,Jonny,L,L,ATL,P
137,vizca001,Vizcaino,Arodys,R,R,ATL,P
138,wilsj002,Wilson,Jack,R,R,ATL,SS
139,younm004,Young,Matt,L,R,ATL,OF
140,accaj001,Accardo,Jeremy,R,R,BAL,P
141,adamr003,Adams,Ryan,R,R,BAL,2B
142,andir001,Andino,Robert,R,R,BAL,SS
143,anglm001,Angle,Matt,L,R,BAL,OF
144,arrij001,Arrieta,Jake,R,R,BAL,P
145,atkim001,Atkins,Mitch,R,R,BAL,P
146,bellj004,Bell,Josh,B,R,BAL,3B
147,bergb002,Bergesen,Brad,L,R,BAL,P
148,berkj001,Berken,Jason,R,R,BAL,P
149,britz001,Britton,Zachary,L,L,BAL,P
150,davic003,Davis,Chris,L,R,BAL,1B
151,davib005,Davis,Blake,L,R,BAL,2B
152,eyrew001,Eyre,Willie,R,R,BAL,P
153,florp001,Florimon,Pedro,B,R,BAL,SS
154,fox-j001,Fox,Jake,R,R,BAL,C
155,gonzm001,Gonzalez,Mike,R,L,BAL,P
156,gregk001,Gregg,Kevin,R,R,BAL,P
157,guerv001,Guerrero,Vladimir,R,R,BAL,OF
158,guthj001,Guthrie,Jeremy,R,R,BAL,P
159,hardj003,Hardy,J.J.,R,R,BAL,SS
160,hendm001,Hendrickson,Mark,L,L,BAL,P
161,hudsk001,Hudson,Kyle,L,L,BAL,OF
162,huntt002,Hunter,Tommy,R,R,BAL,P
163,iztuc001,Izturis,Cesar,B,R,BAL,SS
164,jakuc001,Jakubauskas,Chris,L,R,BAL,P
165,johnj010,Johnson,Jim,R,R,BAL,P
166,jonea003,Jones,Adam,R,R,BAL,OF
167,lee-d002,Lee,Derrek,R,R,BAL,1B
168,markn001,Markakis,Nick,L,L,BAL,OF
169,matub001,Matusz,Brian,L,L,BAL,P
170,pattt001,Patton,Troy,B,L,BAL,P
171,philz001,Phillips,Zach,L,L,BAL,P
172,pie-f001,Pie,Felix,L,L,BAL,OF
173,rapac001,Rapada,Clay,R,L,BAL,P
174,reimn001,Reimold,Nolan,R,R,BAL,OF
175,reyej003,Reyes,Jo-Jo,L,L,BAL,P
176,reynm001,Reynolds,Mark,R,R,BAL,3B
177,robeb003,Roberts,Brian,B,R,BAL,2B
178,rupej001,Rupe,Josh,R,R,BAL,P
179,scotl001,Scott,Luke,L,R,BAL,OF
180,simoa001,Simon,Alfredo,R,R,BAL,P
181,snydb003,Snyder,Brandon,R,R,BAL,1B
182,strop001,Strop,Pedro,R,R,BAL,P
183,tatuc001,Tatum,Craig,R,R,BAL,C
184,tillc001,Tillman,Chris,R,R,BAL,P
185,uehak001,Uehara,Koji,R,R,BAL,P
186,vandr001,VandenHurk,Rick,R,R,BAL,P
187,violp001,Viola,Pedro,R,L,BAL,P
188,wietm001,Wieters,Matt,B,R,BAL,C
189,worrm001,Worrell,Mark,R,R,BAL,P
190,aceva001,Aceves,Alfredo,R,R,BOS,P
191,albem001,Albers,Matt,L,R,BOS,P
192,andel002,Anderson,Lars,L,L,BOS,1B
193,atchs001,Atchison,Scott,R,R,BOS,P
194,avilm001,Aviles,Mike,R,R,BOS,SS
195,bardd001,Bard,Daniel,R,R,BOS,P
196,beckj002,Beckett,Josh,R,R,BOS,P
197,bedae001,Bedard,Erik,L,L,BOS,P
198,bowdm001,Bowden,Michael,R,R,BOS,P
199,buchc001,Buchholz,Clay,L,R,BOS,P
200,camem001,Cameron,Mike,R,R,BOS,OF
201,crawc002,Crawford,Carl,L,L,BOS,OF
202,doubf001,Doubront,Felix,L,L,BOS,P
203,drewj001,Drew,J.D.,L,R,BOS,OF
204,ellsj001,Ellsbury,Jacoby,L,L,BOS,OF
205,gathj001,Gathright,Joey,L,R,BOS,CF
206,gonza003,Gonzalez,Adrian,L,L,BOS,1B
207,hillr001,Hill,Rich,L,L,BOS,P
208,hottt001,Hottovy,Tommy,L,L,BOS,P
209,iglej001,Iglesias,Jose,R,R,BOS,SS
210,jackc002,Jackson,Conor,R,R,BOS,OF
211,jenkb001,Jenks,Bobby,R,R,BOS,P
212,lackj001,Lackey,John,R,R,BOS,P
213,lavar001,Lavarnway,Ryan,R,R,BOS,C
214,lowrj001,Lowrie,Jed,B,R,BOS,SS
215,lestj001,Lester,Jon,L,L,BOS,P
216,matsd001,Matsuzaka,Daisuke,R,R,BOS,P
217,mcdod002,McDonald,Darnell,R,R,BOS,OF
218,milla002,Miller,Andrew,L,L,BOS,P
219,millt002,Miller,Trever,R,L,BOS,P
220,moraf001,Morales,Franklin,L,L,BOS,P
221,navay001,Navarro,Yamaico,R,R,BOS,SS
222,okajh001,Okajima,Hideki,L,L,BOS,P
223,ortid001,Ortiz,David,L,L,BOS,1B
224,papej001,Papelbon,Jonathan,R,R,BOS,P
225,pedrd001,Pedroia,Dustin,R,R,BOS,2B
226,reddj001,Reddick,Josh,L,R,BOS,OF
227,reyed001,Reyes,Dennys,R,L,BOS,P
228,saltj001,Saltalamacchia,Jarrod,B,R,BOS,C
229,scutm001,Scutaro,Marco,R,R,BOS,SS
230,spean001,Spears,Nate,L,R,BOS,3B
231,suttd002,Sutton,Drew,B,R,BOS,SS
232,tazaj001,Tazawa,Junichi,R,R,BOS,P
233,varij001,Varitek,Jason,B,R,BOS,C
234,waket001,Wakefield,Tim,R,R,BOS,P
235,weilk001,Weiland,Kyle,L,R,BOS,P
236,wheed001,Wheeler,Dan,R,R,BOS,P
237,willr003,Williams,Randy,L,L,BOS,P
238,youkk001,Youkilis,Kevin,R,R,BOS,3B
239,axeld001,Axelrod,Dylan,R,R,CHA,P
240,beckg001,Beckham,Gordon,R,R,CHA,3B
241,brunb001,Bruney,Brian,R,R,CHA,P
242,buehm001,Buehrle,Mark,L,L,CHA,P
243,castr002,Castro,Ramon,R,R,CHA,C
244,craij001,Crain,Jesse,R,R,CHA,P
245,dankj001,Danks,John,L,L,CHA,P
246,deaza001,de Aza,Alejandro,L,L,CHA,OF
247,dunna001,Dunn,Adam,L,R,CHA,OF
248,escoe001,Escobar,Eduardo,B,R,CHA,SS
249,flowt001,Flowers,Tyler,R,R,CHA,C
250,floyg001,Floyd,Gavin,R,R,CHA,P
251,frasj002,Frasor,Jason,R,R,CHA,P
252,grayj002,Gray,Jeff,R,R,CHA,P
253,harrl002,Harrell,Lucas,B,R,CHA,P
254,humbp001,Humber,Philip,R,R,CHA,P
255,jacke001,Jackson,Edwin,R,R,CHA,P
256,kinnj001,Kinney,Josh,R,R,CHA,P
257,konep001,Konerko,Paul,R,R,CHA,1B
258,lillb001,Lillibridge,Brent,R,R,CHA,SS
259,linds001,Lindsay,Shane,R,R,CHA,P
260,lucyd001,Lucy,Donny,R,R,CHA,C
261,mcphd001,McPherson,Dallas,L,R,CHA,3B
262,milll002,Milledge,Lastings,R,R,CHA,OF
263,moreb001,Morel,Brent,R,R,CHA,3B
264,ohmaw001,Ohman,Will,L,L,CHA,P
265,peavj001,Peavy,Jake,R,R,CHA,P
266,penat003,Pena,Tony,R,R,CHA,P
267,pierj002,Pierre,Juan,L,L,CHA,OF
268,piera001,Pierzynski,A.J.,L,R,CHA,C
269,quenc001,Quentin,Carlos,R,R,CHA,OF
270,ramia003,Ramirez,Alexei,R,R,CHA,OF
271,reeda001,Reed,Addison,L,R,CHA,P
272,riosa002,Rios,Alex,R,R,CHA,OF
273,salec001,Sale,Chris,L,L,CHA,P
274,santh001,Santiago,Hector,R,L,CHA,P
275,sants001,Santos,Sergio,R,R,CHA,P
276,stewz001,Stewart,Zach,R,R,CHA,P
277,teahm001,Teahen,Mark,L,R,CHA,3B
278,thorm001,Thornton,Matt,L,L,CHA,P
279,vicid001,Viciedo,Dayan,R,R,CHA,3B
280,vizqo001,Vizquel,Omar,B,R,CHA,SS
281,bakej001,Baker,Jeff,R,R,CHN,2B
282,barnd001,Barney,Darwin,R,R,CHN,SS
283,bergj002,Berg,Justin,R,R,CHN,P
284,byrdm001,Byrd,Marlon,R,R,CHN,OF
285,campt001,Campana,Tony,L,L,CHN,OF
286,carpc003,Carpenter,Chris,R,R,CHN,P
287,casha001,Cashner,Andrew,R,R,CHN,P
288,casts001,Castro,Starlin,R,R,CHN,SS
289,castw002,Castillo,Welington,R,R,CHN,C
290,clevs001,Clevenger,Steve,L,R,CHN,C
291,colec001,Coleman,Casey,L,R,CHN,P
292,colvt001,Colvin,Tyler,L,L,CHN,OF
293,david002,Davis,Doug,R,L,CHN,P
294,dempr002,Dempster,Ryan,R,R,CHN,P
295,dewib001,DeWitt,Blake,L,R,CHN,3B
296,dolir001,Dolis,Rafael,R,R,CHN,P
297,fukuk001,Fukudome,Kosuke,L,R,CHN,OF
298,garzm001,Garza,Matt,R,R,CHN,P
299,gaubj001,Gaub,John,R,L,CHN,P
300,grabj002,Grabow,John,L,L,CHN,P
301,hillk002,Hill,Koyie,B,R,CHN,C
302,johnr008,Johnson,Reed,R,R,CHN,OF
303,loper001,Lopez,Rodrigo,R,R,CHN,P
304,lahab001,LaHair,Bryan,L,R,CHN,1B
305,lemad001,LeMahieu,DJ,R,R,CHN,P
306,mains001,Maine,Scott,L,L,CHN,P
307,marmc001,Marmol,Carlos,R,R,CHN,P
308,marss002,Marshall,Sean,L,L,CHN,P
309,matem001,Mateo,Marcos,R,R,CHN,P
310,montl001,Montanez,Luis,R,R,CHN,OF
311,ortir002,Ortiz,Ramon,R,R,CHN,P
312,penac001,Pena,Carlos,L,L,CHN,1B
313,ramia001,Ramirez,Aramis,R,R,CHN,3B
314,russj003,Russell,James,L,L,CHN,P
315,samaj001,Samardzija,Jeff,R,R,CHN,P
316,snydb002,Snyder,Brad,L,L,CHN,OF
317,soria001,Soriano,Alfonso,R,R,CHN,OF
318,sotog001,Soto,Geovany,R,R,CHN,C
319,stevj001,Stevens,Jeff,R,R,CHN,P
320,wellr001,Wells,Randy,R,R,CHN,P
321,woodk002,Wood,Kerry,R,R,CHN,P
322,zambc001,Zambrano,Carlos,B,R,CHN,P
323,alony001,Alonso,Yonder,L,R,CIN,1B
324,arrej001,Arredondo,Jose,R,R,CIN,P
325,arrob001,Arroyo,Bronson,R,R,CIN,P
326,bailh001,Bailey,Homer,R,R,CIN,P
327,brayb001,Bray,Bill,L,L,CIN,P
328,brucj001,Bruce,Jay,L,L,CIN,OF
329,burtj001,Burton,Jared,R,R,CIN,P
330,cairm001,Cairo,Miguel,R,R,CIN,2B
331,chapa001,Chapman,Aroldis,L,L,CIN,P
332,cordf002,Cordero,Francisco,R,R,CIN,P
333,cozaz001,Cozart,Zack,R,R,CIN,SS
334,cuetj001,Cueto,Johnny,R,R,CIN,P
335,fishc001,Fisher,Carlos,R,R,CIN,P
336,franj005,Francisco,Juan,L,R,CIN,3B
337,frazt001,Frazier,Todd,R,R,CIN,OF
338,gomej001,Gomes,Jonny,R,R,CIN,OF
339,hanir001,Hanigan,Ryan,R,R,CIN,C
340,heisc001,Heisey,Chris,R,R,CIN,OF
341,hermj001,Hermida,Jeremy,L,R,CIN,RF
342,hernr002,Hernandez,Ramon,R,R,CIN,C
343,horsj001,Horst,Jeremy,L,L,CIN,P
344,janip001,Janish,Paul,R,R,CIN,SS
345,leakm001,Leake,Mike,R,R,CIN,P
346,lecus001,LeCure,Sam,R,R,CIN,P
347,lewif001,Lewis,Fred,L,R,CIN,OF
348,malom001,Maloney,Matt,L,L,CIN,P
349,massn001,Masset,Nick,R,R,CIN,P
350,mesod001,Mesoraco,Devin,R,R,CIN,C
351,ondrl001,Ondrusek,Logan,R,R,CIN,P
352,philb001,Phillips,Brandon,R,R,CIN,SS
353,reinc001,Reineke,Chad,R,R,CIN,P
354,rente001,Renteria,Edgar,R,R,CIN,SS
355,roles001,Rolen,Scott,R,R,CIN,3B
356,sappd001,Sappelt,Dave,R,R,CIN,OF
357,smitj003,Smith,Jordan,R,R,CIN,P
358,stubd001,Stubbs,Drew,R,R,CIN,OF
359,thomd003,Thompson,Daryl,R,R,CIN,P
360,valac001,Valaika,Chris,R,R,CIN,SS
361,volqe001,Volquez,Edinson,R,R,CIN,P
362,vottj001,Votto,Joey,L,R,CIN,1B
363,willd003,Willis,Dontrelle,L,L,CIN,P
364,woodt004,Wood,Travis,R,L,CIN,P
365,branm003,Brantley,Michael,L,L,CLE,OF
366,buckt001,Buck,Travis,L,R,CLE,OF
367,cabra002,Cabrera,Asdrubal,B,R,CLE,SS
368,cabro001,Cabrera,Orlando,R,R,CLE,SS
369,carmf001,Carmona,Fausto,R,R,CLE,P
370,carrc003,Carrasco,Carlos,R,R,CLE,P
371,carre001,Carrera,Ezequiel,L,L,CLE,OF
372,chisl001,Chisenhall,Lonnie,L,R,CLE,3B
373,choos001,Choo,Shin-Soo,L,L,CLE,OF
374,crowt001,Crowe,Trevor,B,R,CLE,OF
375,donaj002,Donald,Jason,R,R,CLE,SS
376,duncs001,Duncan,Shelley,R,R,CLE,OF
377,durbc001,Durbin,Chad,R,R,CLE,P
378,evera001,Everett,Adam,R,R,CLE,SS
379,fukuk001,Fukudome,Kosuke,L,R,CLE,OF
380,germj001,Germano,Justin,R,R,CLE,P
381,gomej002,Gomez,Jeanmar,R,R,CLE,P
382,hafnt001,Hafner,Travis,L,R,CLE,1B
383,hagan001,Hagadone,Nick,L,L,CLE,P
384,hannj001,Hannahan,Jack,L,R,CLE,3B
385,headj001,Head,Jerad,R,R,CLE,OF
386,herrf001,Herrmann,Frank,L,R,CLE,P
387,huffd001,Huff,David,B,L,CLE,P
388,jimeu001,Jimenez,Ubaldo,R,R,CLE,P
389,judyj001,Judy,Josh,R,R,CLE,P
390,keara001,Kearns,Austin,R,R,CLE,OF
391,kipnj001,Kipnis,Jason,L,R,CLE,2B
392,klubc001,Kluber,Corey,R,R,CLE,P
393,lapom001,LaPorta,Matt,R,R,CLE,OF
394,marsl001,Marson,Lou,R,R,CLE,C
395,mastj001,Masterson,Justin,R,R,CLE,P
396,mcalz001,McAllister,Zach,R,R,CLE,P
397,perec002,Perez,Chris,R,R,CLE,P
398,perer002,Perez,Rafael,L,L,CLE,P
399,pestv001,Pestano,Vinnie,R,R,CLE,P
400,phelc001,Phelps,Cord,B,R,CLE,SS
401,putnz001,Putnam,Zach,R,R,CLE,P
402,santc002,Santana,Carlos,B,R,CLE,C
403,sippt001,Sipp,Tony,L,L,CLE,P
404,sizeg001,Sizemore,Grady,L,L,CLE,CF
405,smitj002,Smith,Joe,R,R,CLE,P
406,talbm001,Talbot,Mitch,R,R,CLE,P
407,thomj002,Thome,Jim,L,R,CLE,1B
408,tomlj001,Tomlin,Josh,R,R,CLE,P
409,valbl001,Valbuena,Luis,L,R,CLE,2B
410,whita001,White,Alex,R,R,CLE,P
411,alfoe002,Alfonzo,Eliezer,R,R,COL,C
412,ameza001,Amezaga,Alfredo,B,R,COL,SS
413,belim001,Belisle,Matt,R,R,COL,P
414,betar001,Betancourt,Rafael,R,R,COL,P
415,billb002,Billings,Bruce,R,R,COL,P
416,blacc001,Blackmon,Charlie,L,L,COL,OF
417,brotr001,Brothers,Rex,L,L,COL,P
418,chacj001,Chacin,Jhoulys,R,R,COL,P
419,cooka002,Cook,Aaron,R,R,COL,P
420,dalem002,Daley,Matt,R,R,COL,P
421,delaj001,de la Rosa,Jorge,L,L,COL,P
422,ellim001,Ellis,Mark,R,R,COL,SS
423,escae001,Escalona,Edgmer,R,R,COL,P
424,fielt001,Field,Thomas,R,R,COL,SS
425,fowld001,Fowler,Dexter,B,R,COL,OF
426,garnc001,Garner,Cole,R,R,COL,OF
427,giamj001,Giambi,Jason,L,R,COL,1B
428,gomeh001,Gomez,Hector,R,R,COL,SS
429,gonzc001,Gonzalez,Carlos,L,L,COL,OF
430,gonze001,Gonzalez,Edgar,R,R,COL,P
431,hammj002,Hammel,Jason,R,R,COL,P
432,heltt001,Helton,Todd,L,L,COL,1B
433,herrj002,Herrera,Jonathan,B,R,COL,2B
434,iannc001,Iannetta,Chris,R,R,COL,C
435,jimeu001,Jimenez,Ubaldo,R,R,COL,P
436,johna002,Johnson,Alan,R,R,COL,P
437,kouzk001,Kouzmanoff,Kevin,R,R,COL,3B
438,lindm001,Lindstrom,Matt,R,R,COL,P
439,lopej003,Lopez,Jose,R,R,COL,2B
440,millj005,Miller,Jim,R,R,COL,P
441,millk004,Millwood,Kevin,R,R,COL,P
442,moraf001,Morales,Franklin,L,L,COL,P
443,moraj002,Morales,Jose,B,R,COL,C
444,mortc003,Mortensen,Clayton,R,R,COL,P
445,nelsc001,Nelson,Chris,R,R,COL,SS
446,nicaj001,Nicasio,Juan,R,R,COL,P
447,pachj001,Pacheco,Jordan,R,R,COL,C
448,pagnm001,Pagnozzi,Matt,R,R,COL,C
449,paulf001,Paulino,Felipe,R,R,COL,P
450,pomed001,Pomeranz,Drew,R,L,COL,P
451,reyng001,Reynolds,Greg,R,R,COL,P
452,reynm002,Reynolds,Matt,L,L,COL,P
453,roenj001,Roenicke,Josh,R,R,COL,P
454,rogee002,Rogers,Esmil,R,R,COL,P
455,romej001,Romero,J.C.,B,L,COL,P
456,rosaw001,Rosario,Wilin,R,R,COL,C
457,smits002,Smith,Seth,L,L,COL,OF
458,spilr001,Spilborghs,Ryan,R,R,COL,OF
459,stewi001,Stewart,Ian,L,R,COL,3B
460,streh001,Street,Huston,R,R,COL,P
461,stule002,Stults,Eric,L,L,COL,P
462,tulot001,Tulowitzki,Troy,R,R,COL,SS
463,whita001,White,Alex,R,R,COL,P
464,wiggt001,Wigginton,Ty,R,R,COL,3B
465,youne003,Young,Eric,B,R,COL,OF
466,albua001,Alburquerque,Al,R,R,DET,P
467,avila001,Avila,Alex,L,R,DET,C
468,belod001,Below,Duane,L,L,DET,P
469,benoj001,Benoit,Joaquin,R,R,DET,P
470,betew001,Betemit,Wilson,B,R,DET,SS
471,boesb001,Boesch,Brennan,L,L,DET,OF
472,cabrm001,Cabrera,Miguel,R,R,DET,3B
473,cokep001,Coke,Phil,L,L,DET,P
474,dirka001,Dirks,Andy,L,L,DET,OF
475,fistd001,Fister,Doug,L,R,DET,P
476,furbc001,Furbush,Charlie,L,L,DET,P
477,gonze002,Gonzalez,Enrique,R,R,DET,P
478,guilc001,Guillen,Carlos,B,R,DET,SS
479,ingeb001,Inge,Brandon,R,R,DET,3B
480,jacka001,Jackson,Austin,R,R,DET,OF
481,kelld001,Kelly,Don,L,R,DET,OF
482,martl003,Marte,Luis,R,R,DET,P
483,martv001,Martinez,Victor,B,R,DET,C
484,oliva002,Oliver,Andrew,L,L,DET,P
485,olivl001,Oliveros,Lester,R,R,DET,P
486,ordom001,Ordonez,Magglio,R,R,DET,OF
487,pauld001,Pauley,David,R,R,DET,P
488,pennb002,Penny,Brad,R,R,DET,P
489,peraj001,Peralta,Jhonny,R,R,DET,SS
490,perrr001,Perry,Ryan,R,R,DET,P
491,porcr001,Porcello,Rick,R,R,DET,P
492,purcd001,Purcey,David,L,L,DET,P
493,rabur001,Raburn,Ryan,R,R,DET,2B
494,rhymw001,Rhymes,Will,L,R,DET,2B
495,ruffc001,Ruffin,Chance,R,R,DET,P
496,santr002,Santiago,Ramon,B,R,DET,2B
497,santo001,Santos,Omir,R,R,DET,C
498,schem001,Scherzer,Max,R,R,DET,P
499,schld001,Schlereth,Daniel,L,L,DET,P
500,sizes001,Sizemore,Scott,R,R,DET,2B
501,thomb001,Thomas,Brad,L,L,DET,P
502,turnj002,Turner,Jacob,R,R,DET,P
503,valvj001,Valverde,Jose,R,R,DET,P
504,verlj001,Verlander,Justin,R,R,DET,P
505,villb002,Villarreal,Brayan,R,R,DET,P
506,weinr001,Weinhardt,Robbie,R,R,DET,P
507,wellc001,Wells,Casper,R,R,DET,OF
508,wilka001,Wilk,Adam,L,L,DET,P
509,wortd001,Worth,Danny,R,R,DET,2B
510,yound003,Young,Delmon,R,R,DET,OF
511,ameza001,Amezaga,Alfredo,B,R,FLO,SS
512,badeb001,Badenhop,Burke,R,R,FLO,P
513,bakej002,Baker,John,L,R,FLO,C
514,bonie001,Bonifacio,Emilio,B,R,FLO,2B
515,buckj001,Buck,John,R,R,FLO,C
516,buenj001,Buente,Jay,R,R,FLO,P
517,camem001,Cameron,Mike,R,R,FLO,OF
518,cedaj001,Ceda,Jose,R,R,FLO,P
519,choar001,Choate,Randy,L,L,FLO,P
520,cishs001,Cishek,Steve,R,R,FLO,P
521,coghc001,Coghlan,Chris,L,R,FLO,OF
522,couss001,Cousins,Scott,L,L,FLO,OF
523,dobbg001,Dobbs,Greg,L,R,FLO,3B
524,domim001,Dominguez,Matt,R,R,FLO,3B
525,dunnm002,Dunn,Michael,L,L,FLO,P
526,handb001,Hand,Brad,L,L,FLO,P
527,hatcc002,Hatcher,Chris,B,R,FLO,P
528,hayeb001,Hayes,Brett,R,R,FLO,C
529,helmw001,Helms,Wes,R,R,FLO,3B
530,hensc002,Hensley,Clay,R,R,FLO,P
531,infao001,Infante,Omar,R,R,FLO,SS
532,johnj009,Johnson,Josh,L,R,FLO,P
533,lopej003,Lopez,Jose,R,R,FLO,2B
534,marto001,Martinez,Osvaldo,R,R,FLO,SS
535,morrl001,Morrison,Logan,L,L,FLO,OF
536,mujie001,Mujica,Edward,R,R,FLO,P
537,murpd004,Murphy,Donnie,R,R,FLO,SS
538,nolar001,Nolasco,Ricky,R,R,FLO,P
539,nunel001,Nunez,Leo,R,R,FLO,P
540,peteb001,Petersen,Bryan,L,R,FLO,OF
541,ramih003,Ramirez,Hanley,R,R,FLO,SS
542,rosas001,Rosario,Sandy,R,R,FLO,P
543,rottv001,Rottino,Vinny,R,R,FLO,C
544,sanaa001,Sanabia,Alejandro,R,R,FLO,P
545,sancb001,Sanches,Brian,R,R,FLO,P
546,sanca004,Sanchez,Anibal,R,R,FLO,P
547,sancg001,Sanchez,Gaby,R,R,FLO,1B
548,stanm004,Stanton,Mike,R,R,FLO,OF
549,thurj001,Thurston,Joe,L,R,FLO,2B
550,vazqj001,Vazquez,Javier,R,R,FLO,P
551,ville002,Villanueva,Elih,R,R,FLO,P
552,volsc001,Volstad,Chris,R,R,FLO,P
553,webbr001,Webb,Ryan,R,R,FLO,P
554,wised001,Wise,Dewayne,L,L,FLO,OF
555,abadf001,Abad,Fernando,L,L,HOU,P
556,abrej002,Abreu,Juan,R,R,HOU,P
557,altuj001,Altuve,Jose,R,R,HOU,2B
558,barmc001,Barmes,Clint,R,R,HOU,SS
559,bogub001,Bogusevic,Brian,L,L,HOU,OF
560,bourj001,Bourgeois,Jason,R,R,HOU,2B
561,bourm001,Bourn,Michael,L,R,HOU,OF
562,cancr001,Cancel,Robinson,R,R,HOU,C
563,carpd001,Carpenter,David,R,R,HOU,P
564,cedex001,Cedeno,Xavier,L,L,HOU,P
565,corpc001,Corporan,Carlos,B,R,HOU,C
566,delre001,Del Rosario,Enerio,R,R,HOU,P
567,downm001,Downs,Matt,R,R,HOU,2B
568,dural001,Durango,Luis,B,R,HOU,OF
569,escas001,Escalona,Sergio,L,L,HOU,P
570,figun001,Figueroa,Nelson,R,R,HOU,P
571,fulcj001,Fulchino,Jeff,R,R,HOU,P
572,happj001,Happ,J.A.,L,L,HOU,P
573,hallb001,Hall,Bill,R,R,HOU,SS
574,harrl002,Harrell,Lucas,B,R,HOU,P
575,inglj001,Inglett,Joe,L,R,HOU,2B
576,johnc003,Johnson,Chris,R,R,HOU,3B
577,keppj001,Keppinger,Jeff,R,R,HOU,2B
578,lee-c001,Lee,Carlos,R,R,HOU,OF
579,lopew001,Lopez,Wilton,R,R,HOU,P
580,lylej001,Lyles,Jordan,R,R,HOU,P
581,lyonb003,Lyon,Brandon,R,R,HOU,P
582,martj006,Martinez,J.D.,R,R,HOU,OF
583,melam001,Melancon,Mark,R,R,HOU,P
584,michj001,Michaels,Jason,R,R,HOU,OF
585,myerb001,Myers,Brett,R,R,HOU,P
586,norrb001,Norris,Bud,R,R,HOU,P
587,parej002,Paredes,Jimmy,B,R,HOU,SS
588,pench001,Pence,Hunter,R,R,HOU,OF
589,pendl001,Pendleton,Lance,L,R,HOU,P
590,quinh001,Quintero,Humberto,R,R,HOU,C
591,rodra002,Rodriguez,Aneury,R,R,HOU,P
592,rodrf004,Rodriguez,Fernando,R,R,HOU,P
593,rodrw002,Rodriguez,Wandy,B,L,HOU,P
594,sanca005,Sanchez,Angel,R,R,HOU,SS
595,schaj002,Schafer,Jordan,L,L,HOU,OF
596,shucj001,Shuck,J.B.,L,L,HOU,OF
597,sosah001,Sosa,Henry,R,R,HOU,P
598,towlj001,Towles,J.R.,R,R,HOU,C
599,valdj001,Valdez,Jose,R,R,HOU,P
600,wallb001,Wallace,Brett,L,R,HOU,1B
601,wrigw001,Wright,Wesley,R,L,HOU,P
602,adcon001,Adcock,Nathan,R,R,KCA,P
603,avilm001,Aviles,Mike,R,R,KCA,SS
604,betew001,Betemit,Wilson,B,R,KCA,SS
605,butlb003,Butler,Billy,R,R,KCA,OF
606,cabrm002,Cabrera,Melky,B,L,KCA,OF
607,cainl001,Cain,Lorenzo,R,R,KCA,OF
608,chavj001,Chavez,Jesse,R,R,KCA,P
609,chenb001,Chen,Bruce,L,L,KCA,P
610,colel001,Coleman,Louis,R,R,KCA,P
611,collt001,Collins,Tim,L,L,KCA,P
612,crowa001,Crow,Aaron,R,R,KCA,P
613,davik002,Davies,Kyle,R,R,KCA,P
614,duffd001,Duffy,Danny,L,L,KCA,P
615,dysoj001,Dyson,Jarrod,L,R,KCA,OF
616,escoa003,Escobar,Alcides,R,R,KCA,SS
617,franj003,Francis,Jeff,L,L,KCA,P
618,franj004,Francoeur,Jeff,R,R,KCA,OF
619,getzc001,Getz,Chris,L,R,KCA,2B
620,giavj001,Giavotella,Johnny,R,R,KCA,2B
621,gorda001,Gordon,Alex,L,R,KCA,OF
622,herrk001,Herrera,Kelvin,R,R,KCA,P
623,hochl001,Hochevar,Luke,R,R,KCA,P
624,hollg001,Holland,Greg,R,R,KCA,P
625,hosme001,Hosmer,Eric,L,L,KCA,1B
626,jeffj001,Jeffress,Jeremy,R,R,KCA,P
627,kaaik001,Ka'aihue,Kila,L,R,KCA,1B
628,maiem001,Maier,Mitch,L,R,KCA,OF
629,mazzv001,Mazzaro,Vin,R,R,KCA,P
630,mendl001,Mendoza,Luis,R,R,KCA,P
631,mousm001,Moustakas,Mike,L,R,KCA,3B
632,navay001,Navarro,Yamaico,R,R,KCA,SS
633,osuls001,O'Sullivan,Sean,R,R,KCA,P
634,paulf001,Paulino,Felipe,R,R,KCA,P
635,penab002,Pena,Brayan,B,R,KCA,C
636,peres002,Perez,Salvador,R,R,KCA,C
637,pinam001,Pina,Manuel,R,R,KCA,C
638,sorij001,Soria,Joakim,R,R,KCA,P
639,teafe001,Teaford,Everett,L,L,KCA,P
640,tejer001,Tejeda,Robinson,R,R,KCA,P
641,texek001,Texeira,Kanekoa,R,R,KCA,P
642,tream001,Treanor,Matt,R,R,KCA,C
643,woodb004,Wood,Blake,R,R,KCA,P
644,barar001,Barajas,Rod,R,R,LAN,C
645,billc001,Billingsley,Chad,R,R,LAN,P
646,blakc001,Blake,Casey,R,R,LAN,OF
647,broxj001,Broxton,Jonathan,R,R,LAN,P
648,castj004,Castro,Juan,R,R,LAN,SS
649,carrj001,Carroll,Jamey,R,R,LAN,SS
650,corml001,Cormier,Lance,R,R,LAN,P
651,dejei002,De Jesus,Ivan,R,R,LAN,SS
652,delar003,De La Rosa,Rubby,R,R,LAN,P
653,elbes001,Elbert,Scott,L,L,LAN,P
654,ellia001,Ellis,A.J.,R,R,LAN,C
655,ely-j001,Ely,John,R,R,LAN,P
656,eovan001,Eovaldi,Nathan,R,R,LAN,P
657,ethia001,Ethier,Andre,L,L,LAN,OF
658,eveld001,Eveland,Dana,L,L,LAN,P
659,fedet001,Federowicz,Tim,R,R,LAN,C
660,furcr001,Furcal,Rafael,B,R,LAN,SS
661,garlj001,Garland,Jon,R,R,LAN,P
662,gibbj002,Gibbons,Jay,L,L,LAN,OF
663,gimeh001,Gimenez,Hector,B,R,LAN,C
664,gordd002,Gordon,Dee,L,R,LAN,SS
665,guerj002,Guerra,Javy,R,R,LAN,P
666,guerm001,Guerrier,Matt,R,R,LAN,P
667,gwynt002,Gwynn,Tony,L,R,LAN,OF
668,hawkb001,Hawksworth,Blake,R,R,LAN,P
669,hoffj001,Hoffmann,Jamie,R,R,LAN,OF
670,jansk001,Jansen,Kenley,B,R,LAN,P
671,kempm001,Kemp,Matt,R,R,LAN,OF
672,kersc001,Kershaw,Clayton,L,L,LAN,P
673,kuo-h001,Kuo,Hong-Chih,L,L,LAN,P
674,kuroh001,Kuroda,Hiroki,R,R,LAN,P
675,lillt001,Lilly,Ted,L,L,LAN,P
676,lindj004,Lindblom,Josh,R,R,LAN,P
677,lonej001,Loney,James,L,L,LAN,1B
678,macdm001,MacDougal,Mike,B,R,LAN,P
679,milea001,Miles,Aaron,B,R,LAN,2B
680,mitcr001,Mitchell,Russ,R,R,LAN,1B
681,navad001,Navarro,Dioner,B,R,LAN,C
682,oeltt001,Oeltjen,Trent,L,L,LAN,OF
683,padiv001,Padilla,Vicente,R,R,LAN,P
684,paulx001,Paul,Xavier,L,R,LAN,OF
685,rivej001,Rivera,Juan,R,R,LAN,OF
686,sandj002,Sands,Jerry,R,R,LAN,OF
687,sellj002,Sellers,Justin,R,R,LAN,SS
688,thamm001,Thames,Marcus,R,R,LAN,OF
689,tronr001,Troncoso,Ramon,R,R,LAN,P
690,uribj002,Uribe,Juan,R,R,LAN,SS
691,velee001,Velez,Eugenio,B,R,LAN,OF
692,almoe001,Almonte,Erick,R,R,MIL,1B
693,axfoj001,Axford,John,R,R,MIL,P
694,betay001,Betancourt,Yuniesky,R,R,MIL,SS
695,boggb001,Boggs,Brandon,B,R,MIL,OF
696,bradz001,Braddock,Zach,L,L,MIL,P
697,braur002,Braun,Ryan,R,R,MIL,3B
698,carrb001,Carroll,Brett,R,R,MIL,OF
699,counc001,Counsell,Craig,L,R,MIL,2B
700,delae001,De La Cruz,Eulogio,R,R,MIL,P
701,difem002,DiFelice,Mark,R,R,MIL,P
702,dillt001,Dillard,Tim,R,R,MIL,P
703,estrm001,Estrada,Marco,R,R,MIL,P
704,farre001,Farris,Eric,R,R,MIL,2B
705,fielp001,Fielder,Prince,L,R,MIL,1B
706,fierm001,Fiers,Michael,R,R,MIL,P
707,gally001,Gallardo,Yovani,R,R,MIL,P
708,gamem001,Gamel,Mat,L,R,MIL,3B
709,gomec002,Gomez,Carlos,R,R,MIL,OF
710,grees004,Green,Sean,R,R,MIL,P
711,greet005,Green,Taylor,L,R,MIL,3B
712,greiz001,Greinke,Zack,R,R,MIL,P
713,hairj002,Hairston,Jerry,R,R,MIL,2B
714,hartc001,Hart,Corey,R,R,MIL,OF
715,hawkl001,Hawkins,LaTroy,R,R,MIL,P
716,herrd001,Herrera,Daniel Ray,L,L,MIL,P
717,kintb001,Kintzler,Brandon,R,R,MIL,P
718,kotsm001,Kotsay,Mark,L,L,MIL,OF
719,kottg001,Kottaras,George,L,R,MIL,C
720,loe-k001,Loe,Kameron,R,R,MIL,P
721,lopef001,Lopez,Felipe,B,R,MIL,SS
722,lucrj001,Lucroy,Jonathan,R,R,MIL,C
723,maldm001,Maldonado,Martin,R,R,MIL,C
724,marcs001,Marcum,Shaun,R,R,MIL,P
725,mcclm001,McClendon,Mike,R,R,MIL,P
726,mcgec001,McGehee,Casey,R,R,MIL,3B
727,mitrs001,Mitre,Sergio,R,R,MIL,P
728,morgn001,Morgan,Nyjer,L,L,MIL,OF
729,narvc001,Narveson,Chris,L,L,MIL,P
730,nievw001,Nieves,Wil,R,R,MIL,C
731,reedj004,Reed,Jeremy,L,L,MIL,CF
732,rivem003,Rivera,Mike,R,R,MIL,C
733,rodrf003,Rodriguez,Francisco,R,R,MIL,P
734,saitt001,Saito,Takashi,L,R,MIL,P
735,schal001,Schafer,Logan,L,L,MIL,OF
736,stetm001,Stetter,Mitch,L,L,MIL,P
737,weekr001,Weeks,Rickie,R,R,MIL,2B
738,wilsj003,Wilson,Josh,R,R,MIL,2B
739,wolfr001,Wolf,Randy,L,L,MIL,P
740,bakes002,Baker,Scott,R,R,MIN,P
741,bensj001,Benson,Joe,R,R,MIN,OF
742,blacn001,Blackburn,Nick,R,R,MIN,P
743,burna002,Burnett,Alex,R,R,MIN,P
744,buted001,Butera,Drew,R,R,MIN,C
745,cappm001,Capps,Matt,R,R,MIN,P
746,casia001,Casilla,Alexi,B,R,MIN,SS
747,cuddm001,Cuddyer,Michael,R,R,MIN,OF
748,diams001,Diamond,Scott,L,L,MIN,P
749,dinkb001,Dinkelman,Brian,L,R,MIN,2B
750,duenb001,Duensing,Brian,L,L,MIN,P
751,dumap001,Dumatrait,Phil,R,L,MIN,P
752,hacke001,Hacker,Eric,B,R,MIN,P
753,hendl001,Hendriks,Liam,R,R,MIN,P
754,hoeyj001,Hoey,Jim,R,R,MIN,P
755,holms002,Holm,Steve,R,R,MIN,C
756,hughd001,Hughes,Dusty,L,L,MIN,P
757,hughl001,Hughes,Luke,R,R,MIN,3B
758,jamec002,James,Chuck,L,L,MIN,P
759,kubej002,Kubel,Jason,L,R,MIN,RF
760,lirif001,Liriano,Francisco,L,L,MIN,P
761,mansj001,Manship,Jeff,R,R,MIN,P
762,mauej001,Mauer,Joe,L,R,MIN,C
763,mijaj001,Mijares,Jose,L,L,MIN,P
764,mornj001,Morneau,Justin,L,R,MIN,1B
765,nathj001,Nathan,Joe,R,R,MIN,P
766,nisht001,Nishioka,Tsuyoshi,B,R,MIN,SS
767,olivl001,Oliveros,Lester,R,R,MIN,P
768,parmc001,Parmelee,Chris,L,L,MIN,1B
769,pavac001,Pavano,Carl,R,R,MIN,P
770,perkg001,Perkins,Glen,L,L,MIN,P
771,plout001,Plouffe,Trevor,R,R,MIN,SS
772,repkj001,Repko,Jason,R,R,MIN,OF
773,reveb001,Revere,Ben,L,R,MIN,OF
774,river003,Rivera,Rene,R,R,MIN,C
775,slama001,Slama,Anthony,R,R,MIN,P
776,slowk001,Slowey,Kevin,R,R,MIN,P
777,spand001,Span,Denard,L,L,MIN,OF
778,swara001,Swarzak,Anthony,R,R,MIN,P
779,thomj002,Thome,Jim,L,R,MIN,1B
780,tolbm001,Tolbert,Matt,B,R,MIN,2B
781,tosor001,Tosoni,Rene,L,R,MIN,OF
782,valed001,Valencia,Danny,R,R,MIN,3B
783,waldk001,Waldrop,Kyle,R,R,MIN,P
784,yound003,Young,Delmon,R,R,MIN,OF
785,ayall001,Ayala,Luis,R,R,NYA,P
786,betad001,Betances,Dellin,R,R,NYA,P
787,braca001,Brackman,Andrew,R,R,NYA,P
788,burna001,Burnett,A.J.,R,R,NYA,P
789,canor001,Cano,Robinson,L,R,NYA,2B
790,carlb001,Carlyle,Buddy,L,R,NYA,P
791,cervf001,Cervelli,Francisco,R,R,NYA,C
792,chamj002,Chamberlain,Joba,R,R,NYA,P
793,chave001,Chavez,Eric,L,R,NYA,3B
794,colob001,Colon,Bartolo,R,R,NYA,P
795,dickc001,Dickerson,Chris,L,L,NYA,OF
796,garcf002,Garcia,Freddy,R,R,NYA,P
797,gardb001,Gardner,Brett,L,L,NYA,OF
798,garrs002,Garrison,Steve,B,L,NYA,P
799,golsg001,Golson,Greg,R,R,NYA,OF
800,gordb001,Gordon,Brian,L,R,NYA,P
801,granc001,Granderson,Curtis,L,R,NYA,RF
802,hughp001,Hughes,Phil,R,R,NYA,P
803,jeted001,Jeter,Derek,R,R,NYA,SS
804,jonea002,Jones,Andruw,R,R,NYA,OF
805,kontg001,Kontos,George,R,R,NYA,P
806,laffa001,Laffey,Aaron,L,L,NYA,P
807,lairb001,Laird,Brandon,R,R,NYA,3B
808,logab001,Logan,Boone,R,L,NYA,P
809,marqj002,Marquez,Jeffrey,R,R,NYA,P
810,martr004,Martin,Russell,R,R,NYA,C
811,mitrs001,Mitre,Sergio,R,R,NYA,P
812,molig002,Molina,Gustavo,R,R,NYA,C
813,montj003,Montero,Jesus,R,R,NYA,C
814,noesh001,Noesi,Hector,R,R,NYA,P
815,novai001,Nova,Ivan,R,R,NYA,P
816,nunee002,Nunez,Eduardo,R,R,NYA,SS
817,penar002,Pena,Ramiro,B,R,NYA,SS
818,pendl001,Pendleton,Lance,L,R,NYA,P
819,posaj001,Posada,Jorge,B,R,NYA,C
820,procs001,Proctor,Scott,R,R,NYA,P
821,rivem002,Rivera,Mariano,R,R,NYA,P
822,robed002,Robertson,David,R,R,NYA,P
823,rodra001,Rodriguez,Alex,R,R,NYA,3B
824,romia002,Romine,Austin,R,R,NYA,C
825,sabac001,Sabathia,C.C.,L,L,NYA,P
826,sania001,Sanit,Amauri,R,R,NYA,P
827,sorir001,Soriano,Rafael,R,R,NYA,P
828,swisn001,Swisher,Nick,B,L,NYA,OF
829,teixm001,Teixeira,Mark,B,R,NYA,1B
830,valdr002,Valdes,Raul,L,L,NYA,P
831,wadec001,Wade,Cory,R,R,NYA,P
832,whelk001,Whelan,Kevin,R,R,NYA,P
833,acosm001,Acosta,Manny,R,R,NYN,P
834,batim001,Batista,Miguel,R,R,NYN,P
835,baxtm001,Baxter,Mike,L,R,NYN,1B
836,bay-j001,Bay,Jason,R,R,NYN,OF
837,beatp001,Beato,Pedro,R,R,NYN,P
838,beltc001,Beltran,Carlos,B,R,NYN,CF
839,boyeb001,Boyer,Blaine,R,R,NYN,P
840,bucht001,Buchholz,Taylor,R,R,NYN,P
841,byrdt001,Byrdak,Tim,L,L,NYN,P
842,capuc001,Capuano,Chris,L,L,NYN,P
843,carrd001,Carrasco,D.J.,R,R,NYN,P
844,davii001,Davis,Ike,L,L,NYN,1B
845,dickr001,Dickey,R.A.,R,R,NYN,P
846,dudal001,Duda,Lucas,L,R,NYN,OF
847,emaub001,Emaus,Brad,R,R,NYN,2B
848,evann001,Evans,Nick,R,R,NYN,OF
849,gee-d001,Gee,Dillon,R,R,NYN,P
850,hairs001,Hairston,Scott,R,R,NYN,2B
851,harrw001,Harris,Willie,L,R,NYN,2B
852,herrd001,Herrera,Daniel Ray,L,L,NYN,P
853,hu--c001,Hu,Chin-Lung,R,R,NYN,2B
854,igarr001,Igarashi,Ryota,R,R,NYN,P
855,isrij001,Isringhausen,Jason,R,R,NYN,P
856,martf002,Martinez,Fernando,L,R,NYN,P
857,miscp001,Misch,Pat,R,L,NYN,P
858,murpd006,Murphy,Daniel,L,R,NYN,3B
859,nickm001,Nickeas,Mike,R,R,NYN,C
860,niesj001,Niese,Jonathon,L,L,NYN,P
861,oconm001,O'Connor,Michael,L,L,NYN,P
862,pagaa001,Pagan,Angel,B,R,NYN,CF
863,parnb001,Parnell,Bobby,R,R,NYN,P
864,pascv001,Pascucci,Val,R,R,NYN,OF
865,paulr001,Paulino,Ronny,R,R,NYN,C
866,pelfm001,Pelfrey,Mike,R,R,NYN,P
867,pridj001,Pridie,Jason,L,R,NYN,OF
868,reyej001,Reyes,Jose,B,R,NYN,SS
869,rodrf003,Rodriguez,Francisco,R,R,NYN,P
870,satij001,Satin,Josh,R,R,NYN,OF
871,schwc001,Schwinden,Chris,R,R,NYN,P
872,stinj001,Stinson,Josh,R,R,NYN,P
873,tejar001,Tejada,Ruben,R,R,NYN,SS
874,thayd001,Thayer,Dale,R,R,NYN,P
875,tholj001,Thole,Josh,L,R,NYN,C
876,turnj001,Turner,Justin,R,R,NYN,2B
877,wrigd002,Wright,David,R,R,NYN,3B
878,younc003,Young,Chris,R,R,NYN,P
879,alleb001,Allen,Brandon,L,R,OAK,1B
880,andeb004,Anderson,Brett,L,L,OAK,P
881,baila001,Bailey,Andrew,R,R,OAK,P
882,balfg001,Balfour,Grant,R,R,OAK,P
883,bartd001,Barton,Daric,L,R,OAK,1B
884,billb002,Billings,Bruce,R,R,OAK,P
885,blevj001,Blevins,Jerry,L,L,OAK,P
886,bradd002,Braden,Dallas,L,L,OAK,P
887,bresc001,Breslow,Craig,L,L,OAK,P
888,cahit001,Cahill,Trevor,R,R,OAK,P
889,caria001,Carignan,Andrew,R,R,OAK,P
890,cartc002,Carter,Chris,R,R,OAK,OF
891,cramb001,Cramer,Bobby,L,L,OAK,P
892,crisc001,Crisp,Coco,B,R,OAK,OF
893,dejed001,DeJesus,David,L,L,OAK,CF
894,delof001,De Los Santos,Fautino,R,R,OAK,P
895,devij001,Devine,Joey,R,R,OAK,P
896,ellim001,Ellis,Mark,R,R,OAK,SS
897,fuenb001,Fuentes,Brian,L,L,OAK,P
898,godfg001,Godfrey,Graham,R,R,OAK,P
899,gonzg003,Gonzalez,Gio,R,L,OAK,P
900,hardr001,Harden,Rich,L,R,OAK,P
901,jackc002,Jackson,Conor,R,R,OAK,OF
902,kouzk001,Kouzmanoff,Kevin,R,R,OAK,3B
903,laroa002,LaRoche,Andy,R,R,OAK,3B
904,magnt001,Magnuson,Trystan,L,R,OAK,P
905,matsh001,Matsui,Hideki,L,R,OAK,OF
906,mccab001,McCarthy,Brandon,R,R,OAK,P
907,millj004,Miller,Jai,R,R,OAK,OF
908,moscg001,Moscoso,Guillermo,R,R,OAK,P
909,norbj001,Norberto,Jordan,L,L,OAK,P
910,outmj001,Outman,Josh,L,L,OAK,P
911,pennc001,Pennington,Cliff,B,R,OAK,SS
912,powel001,Powell,Landon,B,R,OAK,C
913,purcd001,Purcey,David,L,L,OAK,P
914,recka001,Recker,Anthony,R,R,OAK,C
915,rosaa001,Rosales,Adam,R,R,OAK,1B
916,rosst001,Ross,Tyson,R,R,OAK,P
917,sizes001,Sizemore,Scott,R,R,OAK,2B
918,sogae001,Sogard,Eric,L,R,OAK,2B
919,suzuk001,Suzuki,Kurt,R,R,OAK,C
920,sweer001,Sweeney,Ryan,L,L,OAK,OF
921,taylm001,Taylor,Michael,R,R,OAK,OF
922,wagnn001,Wagner,Neil,R,R,OAK,P
923,weekj001,Weeks,Jemile,B,R,OAK,2B
924,willj004,Willingham,Josh,R,R,OAK,OF
925,wuerm001,Wuertz,Michael,R,R,OAK,P
926,ziegb001,Ziegler,Brad,R,R,OAK,P
927,baezd001,Baez,Danys,R,R,PHI,P
928,basta001,Bastardo,Antonio,R,L,PHI,P
929,blanj001,Blanton,Joe,R,R,PHI,P
930,bowkj001,Bowker,John,L,L,PHI,OF
931,browd004,Brown,Domonic,L,L,PHI,OF
932,carpa001,Carpenter,Drew,R,R,PHI,P
933,contj002,Contreras,Jose,R,R,PHI,P
934,defrj001,De Fratus,Justin,B,R,PHI,P
935,franb001,Francisco,Ben,R,R,PHI,OF
936,gloar001,Gload,Ross,L,L,PHI,OF
937,hallr001,Halladay,Roy,R,R,PHI,P
938,hamec001,Hamels,Cole,L,L,PHI,P
939,hernd003,Herndon,David,R,R,PHI,P
940,howar001,Howard,Ryan,L,L,PHI,1B
941,ibanr001,Ibanez,Raul,L,R,PHI,OF
942,kendk001,Kendrick,Kyle,R,R,PHI,P
943,krate001,Kratz,Erik,R,R,PHI,C
944,lee-c003,Lee,Cliff,L,L,PHI,P
945,lidgb001,Lidge,Brad,R,R,PHI,P
946,madsr001,Madson,Ryan,L,R,PHI,P
947,martm003,Martinez,Michael,B,R,PHI,2B
948,maths001,Mathieson,Scott,R,R,PHI,P
949,maybj001,Mayberry,John,R,R,PHI,OF
950,mossb001,Moss,Brandon,L,R,PHI,OF
951,orr-p001,Orr,Pete,L,R,PHI,SS
952,oswar001,Oswalt,Roy,R,R,PHI,P
953,pench001,Pence,Hunter,R,R,PHI,OF
954,perej001,Perez,Juan,R,L,PHI,P
955,polap001,Polanco,Placido,R,R,PHI,SS
956,rollj001,Rollins,Jimmy,B,R,PHI,SS
957,romej001,Romero,J.C.,B,L,PHI,P
958,ruizc001,Ruiz,Carlos,R,R,PHI,C
959,sardd001,Sardinha,Dane,R,R,PHI,C
960,savej001,Savery,Joe,L,L,PHI,P
961,schnb001,Schneider,Brian,L,R,PHI,C
962,schwm002,Schwimer,Michael,R,R,PHI,P
963,stutm001,Stutes,Michael,R,R,PHI,P
964,utlec001,Utley,Chase,L,R,PHI,2B
965,valdw001,Valdez,Wilson,R,R,PHI,SS
966,victs001,Victorino,Shane,B,R,PHI,OF
967,worlv001,Worley,Vance,R,R,PHI,P
968,zagum001,Zagurski,Mike,L,L,PHI,P
969,alvap001,Alvarez,Pedro,L,R,PIT,3B
970,ascaj001,Ascanio,Jose,R,R,PIT,P
971,beimj001,Beimel,Joe,L,L,PIT,P
972,bowkj001,Bowker,John,L,L,PIT,OF
973,browd003,Brown,Dusty,R,R,PIT,C
974,burrb001,Burres,Brian,L,L,PIT,P
975,ceder002,Cedeno,Ronny,R,R,PIT,SS
976,cirip001,Ciriaco,Pedro,R,R,PIT,SS
977,corrk001,Correia,Kevin,R,R,PIT,P
978,crotm001,Crotta,Michael,R,R,PIT,P
979,darnc001,d'Arnaud,Chase,R,R,PIT,SS
980,diazm003,Diaz,Matt,R,R,PIT,OF
981,doumr001,Doumit,Ryan,B,R,PIT,C
982,fryee001,Fryer,Eric,R,R,PIT,C
983,grilj001,Grilli,Jason,R,R,PIT,P
984,hanrj001,Hanrahan,Joel,R,R,PIT,P
985,harrj002,Harrison,Josh,R,R,PIT,3B
986,hughj001,Hughes,Jared,R,R,PIT,P
987,jaraj001,Jaramillo,Jason,B,R,PIT,C
988,joneg002,Jones,Garrett,L,L,PIT,1B
989,karsj001,Karstens,Jeff,R,R,PIT,P
990,lee-d002,Lee,Derrek,R,R,PIT,1B
991,leroc001,Leroux,Christopher,L,R,PIT,P
992,lincb001,Lincoln,Brad,L,R,PIT,P
993,lockj001,Locke,Jeff,L,L,PIT,P
994,ludwr001,Ludwick,Ryan,R,L,PIT,OF
995,mahop002,Maholm,Paul,L,L,PIT,P
996,mckem001,McKenry,Michael,R,R,PIT,C
997,mccua001,McCutchen,Andrew,R,R,PIT,OF
998,mccud001,McCutchen,Daniel,R,R,PIT,P
999,mcdoj004,McDonald,James,L,R,PIT,P
1000,meeke001,Meek,Evan,R,R,PIT,P
1001,mortc002,Morton,Charlie,R,R,PIT,P
1002,moskd001,Moskos,Daniel,R,L,PIT,P
1003,ohler001,Ohlendorf,Ross,R,R,PIT,P
1004,olsog003,Olson,Garrett,R,L,PIT,P
1005,overl001,Overbay,Lyle,L,L,PIT,1B
1006,pagnm001,Pagnozzi,Matt,R,R,PIT,C
1007,paulx001,Paul,Xavier,L,R,PIT,OF
1008,pears001,Pearce,Steve,R,R,PIT,1B
1009,presa001,Presley,Alex,L,L,PIT,OF
1010,resoc001,Resop,Chris,R,R,PIT,P
1011,rodrj003,Rodriguez,Josh,R,R,PIT,SS
1012,snydc002,Snyder,Chris,R,R,PIT,C
1013,tabaj002,Tabata,Jose,R,R,PIT,OF
1014,thoma003,Thompson,Aaron,L,L,PIT,P
1015,torew001,Toregas,Wyatt,R,R,PIT,C
1016,veraj001,Veras,Jose,R,R,PIT,P
1017,walkn001,Walker,Neil,B,R,PIT,3B
1018,watst001,Watson,Tony,L,L,PIT,P
1019,woodb003,Wood,Brandon,R,R,PIT,3B
1020,woodt003,Wood,Tim,R,R,PIT,P
1021,adamm001,Adams,Mike,R,R,SDN,P
1022,bartj001,Bartlett,Jason,R,R,SDN,SS
1023,bassa001,Bass,Anthony,R,R,SDN,P
1024,bellh001,Bell,Heath,R,R,SDN,P
1025,blank002,Blanks,Kyle,R,R,SDN,1B
1026,bracb001,Brach,Brad,R,R,SDN,P
1027,cabre001,Cabrera,Everth,B,R,SDN,2B
1028,cantj001,Cantu,Jorge,R,R,SDN,2B
1029,carpa001,Carpenter,Drew,R,R,SDN,P
1030,cunna001,Cunningham,Aaron,R,R,SDN,OF
1031,darnj001,Darnell,James,R,R,SDN,OF
1032,dedus001,Deduno,Samuel,R,R,SDN,P
1033,denoc001,Denorfia,Chris,R,R,SDN,OF
1034,forsl001,Forsythe,Logan,R,R,SDN,2B
1035,friee001,Frieri,Ernesto,R,R,SDN,P
1036,fulcj001,Fulchino,Jeff,R,R,SDN,P
1037,gonza005,Gonzalez,Alberto,R,R,SDN,SS
1038,gregl001,Gregerson,Luke,L,R,SDN,P
1039,guzmj005,Guzman,Jesus,R,R,SDN,1B
1040,hamre001,Hamren,Erik,R,R,SDN,P
1041,haraa001,Harang,Aaron,R,R,SDN,P
1042,hawpb001,Hawpe,Brad,L,L,SDN,OF
1043,headc001,Headley,Chase,B,R,SDN,3B
1044,hermj001,Hermida,Jeremy,L,R,SDN,RF
1045,hudso001,Hudson,Orlando,B,R,SDN,2B
1046,hundn001,Hundley,Nick,R,R,SDN,C
1047,huntc001,Hunter,Cedric,L,L,SDN,OF
1048,johnr009,Johnson,Rob,R,R,SDN,C
1049,latom001,Latos,Mat,R,R,SDN,P
1050,leblw001,LeBlanc,Wade,L,L,SDN,P
1051,ludwr001,Ludwick,Ryan,R,L,SDN,OF
1052,luebc001,Luebke,Cory,R,L,SDN,P
1053,martl002,Martinez,Luis,R,R,SDN,C
1054,maybc001,Maybin,Cameron,R,R,SDN,OF
1055,mosed001,Moseley,Dustin,R,R,SDN,P
1056,neshp001,Neshek,Pat,B,R,SDN,P
1057,parra001,Parrino,Andy,B,R,SDN,2B
1058,patte001,Patterson,Eric,L,R,SDN,OF
1059,philk001,Phillips,Kyle,L,R,SDN,C
1060,qualc001,Qualls,Chad,R,R,SDN,P
1061,richc002,Richard,Clayton,L,L,SDN,P
1062,rizza001,Rizzo,Anthony,L,L,SDN,1B
1063,scrie001,Scribner,Evan,R,R,SDN,P
1064,spenj001,Spence,Josh,L,L,SDN,P
1065,staut001,Stauffer,Tim,R,R,SDN,P
1066,tekob001,Tekotte,Blake,L,R,SDN,OF
1067,thatj001,Thatcher,Joe,L,L,SDN,P
1068,venaw001,Venable,Will,L,L,SDN,OF
1069,ackld001,Ackley,Dustin,L,R,SEA,2B
1070,bardj001,Bard,Josh,B,R,SEA,C
1071,beavb001,Beavan,Blake,R,R,SEA,P
1072,bedae001,Bedard,Erik,L,L,SEA,P
1073,bradm001,Bradley,Milton,B,R,SEA,OF
1074,carpm001,Carp,Mike,L,R,SEA,1B
1075,cortd002,Cortes,Dan,R,R,SEA,P
1076,custj001,Cust,Jack,L,R,SEA,OF
1077,delas001,Delabar,Steve,R,R,SEA,P
1078,figgc001,Figgins,Chone,B,R,SEA,SS
1079,fistd001,Fister,Doug,L,R,SEA,P
1080,furbc001,Furbush,Charlie,L,L,SEA,P
1081,gimec001,Gimenez,Chris,R,R,SEA,C
1082,grayj002,Gray,Jeff,R,R,SEA,P
1083,gutif001,Gutierrez,Franklin,R,R,SEA,OF
1084,halmg001,Halman,Greg,R,R,SEA,OF
1085,hernf002,Hernandez,Felix,R,R,SEA,P
1086,jimec002,Jimenez,Cesar,L,L,SEA,P
1087,kells001,Kelley,Shawn,R,R,SEA,P
1088,kenna001,Kennedy,Adam,L,R,SEA,2B
1089,laffa001,Laffey,Aaron,L,L,SEA,P
1090,langr002,Langerhans,Ryan,L,L,SEA,OF
1091,leagb001,League,Brandon,R,R,SEA,P
1092,lidda001,Liddi,Alex,R,R,SEA,3B
1093,luekj001,Lueke,Josh,R,R,SEA,P
1094,moora001,Moore,Adam,R,R,SEA,C
1095,olivm001,Olivo,Miguel,R,R,SEA,C
1096,pauld001,Pauley,David,R,R,SEA,P
1097,peguc001,Peguero,Carlos,L,L,SEA,OF
1098,penaw001,Pena,Wily Mo,R,R,SEA,OF
1099,pinem001,Pineda,Michael,R,R,SEA,P
1100,ray-c001,Ray,Chris,R,R,SEA,P
1101,robit001,Robinson,Trayvon,B,R,SEA,OF
1102,rodrl002,Rodriguez,Luis,B,R,SEA,2B
1103,ruffc001,Ruffin,Chance,R,R,SEA,P
1104,ryanb002,Ryan,Brendan,R,R,SEA,SS
1105,saunm001,Saunders,Michael,L,R,SEA,OF
1106,seagk001,Seager,Kyle,L,R,SEA,2B
1107,smoaj001,Smoak,Justin,B,L,SEA,1B
1108,suzui001,Suzuki,Ichiro,L,R,SEA,OF
1109,vargj001,Vargas,Jason,L,L,SEA,P
1110,vasqa001,Vasquez,Anthony,L,L,SEA,P
1111,wellc001,Wells,Casper,R,R,SEA,OF
1112,wilht001,Wilhelmsen,Tom,R,R,SEA,P
1113,wilsj002,Wilson,Jack,R,R,SEA,SS
1114,wilsm002,Wilson,Mike,R,R,SEA,OF
1115,wrigj001,Wright,Jamey,R,R,SEA,P
1116,affej001,Affeldt,Jeremy,L,L,SFN,P
1117,beltb001,Belt,Brandon,L,L,SFN,1B
1118,beltc001,Beltran,Carlos,B,R,SFN,CF
1119,bumgm001,Bumgarner,Madison,R,L,SFN,P
1120,burre001,Burriss,Emmanuel,B,R,SFN,SS
1121,burrp001,Burrell,Pat,R,R,SFN,OF
1122,cabro001,Cabrera,Orlando,R,R,SFN,SS
1123,cainm001,Cain,Matt,R,R,SFN,P
1124,chrij003,Christian,Justin,R,R,SFN,OF
1125,crawb001,Crawford,Brandon,L,R,SFN,SS
1126,derom001,DeRosa,Mark,R,R,SFN,SS
1127,edles001,Edlefsen,Steve,B,R,SFN,P
1128,fontm001,Fontenot,Mike,L,R,SFN,2B
1129,fordd002,Ford,Darren,R,R,SFN,CF
1130,gillc001,Gillaspie,Conor,L,R,SFN,1B
1131,garcj002,Casilla,Santiago,R,R,SFN,P
1132,hallb001,Hall,Bill,R,R,SFN,SS
1133,huffa001,Huff,Aubrey,L,R,SFN,OF
1134,joaqw001,Joaquin,Waldis,R,R,SFN,P
1135,linct001,Lincecum,Tim,L,R,SFN,P
1136,keppj001,Keppinger,Jeff,R,R,SFN,2B
1137,lopej002,Lopez,Javier,L,L,SFN,P
1138,motag001,Mota,Guillermo,R,R,SFN,P
1139,pillb001,Pill,Brett,R,R,SFN,1B
1140,poseb001,Posey,Buster,R,R,SFN,C
1141,ramir003,Ramirez,Ramon S.,R,R,SFN,P
1142,rohlr001,Rohlinger,Ryan,R,R,SFN,3B
1143,romos001,Romo,Sergio,R,R,SFN,P
1144,rossc001,Ross,Cody,R,L,SFN,OF
1145,rowaa001,Rowand,Aaron,R,R,SFN,OF
1146,runzd001,Runzler,Dan,L,L,SFN,P
1147,sancf001,Sanchez,Freddy,R,R,SFN,SS
1148,sanch002,Sanchez,Hector,B,R,SFN,C
1149,sancj002,Sanchez,Jonathan,L,L,SFN,P
1150,sandp001,Sandoval,Pablo,B,R,SFN,C
1151,schin001,Schierholtz,Nate,L,R,SFN,OF
1152,stewc001,Stewart,Chris,R,R,SFN,C
1153,surke001,Surkamp,Eric,L,L,SFN,P
1154,tejam001,Tejada,Miguel,R,R,SFN,SS
1155,torra001,Torres,Andres,B,R,SFN,OF
1156,voger001,Vogelsong,Ryan,R,R,SFN,P
1157,white004,Whiteside,Eli,R,R,SFN,C
1158,wilsb001,Wilson,Brian,R,R,SFN,P
1159,zitob001,Zito,Barry,L,L,SFN,P
1160,augeb001,Augenstein,Bryan,R,R,SLN,P
1161,batim001,Batista,Miguel,R,R,SLN,P
1162,berkl001,Berkman,Lance,B,L,SLN,OF
1163,boggm001,Boggs,Mitchell,R,R,SLN,P
1164,browa003,Brown,Andrew,R,R,SLN,OF
1165,carpc002,Carpenter,Chris,R,R,SLN,P
1166,carpm002,Carpenter,Matt,L,R,SLN,3B
1167,chama002,Chambers,Adron,L,L,SLN,OF
1168,cletm001,Cleto,Maikel,R,R,SLN,P
1169,craia001,Craig,Allen,R,R,SLN,OF
1170,cruzt002,Cruz,Tony,R,R,SLN,C
1171,descd001,Descalso,Daniel,L,R,SLN,2B
1172,dickb001,Dickson,Brandon,R,R,SLN,P
1173,doteo001,Dotel,Octavio,R,R,SLN,P
1174,franr001,Franklin,Ryan,R,R,SLN,P
1175,freed001,Freese,David,R,R,SLN,3B
1176,furcr001,Furcal,Rafael,B,R,SLN,SS
1177,garcj004,Garcia,Jaime,L,L,SLN,P
1178,greet004,Greene,Tyler,R,R,SLN,SS
1179,hamim001,Hamilton,Mark,L,L,SLN,1B
1180,hollm001,Holliday,Matt,R,R,SLN,OF
1181,jacke001,Jackson,Edwin,R,R,SLN,P
1182,jay-j001,Jay,Jon,L,L,SLN,OF
1183,kozmp001,Kozma,Peter,R,R,SLN,SS
1184,lairg001,Laird,Gerald,R,R,SLN,C
1185,lohsk001,Lohse,Kyle,R,R,SLN,P
1186,lynnl001,Lynn,Lance,R,R,SLN,P
1187,mcclk001,McClellan,Kyle,R,R,SLN,P
1188,millt002,Miller,Trever,R,L,SLN,P
1189,moliy001,Molina,Yadier,R,R,SLN,C
1190,mottj001,Motte,Jason,R,R,SLN,P
1191,pattc001,Patterson,Corey,L,R,SLN,OF
1192,pujoa001,Pujols,Albert,R,R,SLN,1B
1193,puntn001,Punto,Nick,B,R,SLN,2B
1194,rasmc001,Rasmus,Colby,L,L,SLN,OF
1195,rzepm001,Rzepczynski,Marc,L,L,SLN,P
1196,rhoda001,Rhodes,Arthur,L,L,SLN,P
1197,robis001,Robinson,Shane,R,R,SLN,OF
1198,salaf001,Salas,Fernando,R,R,SLN,P
1199,sance001,Sanchez,Eduardo,R,R,SLN,P
1200,schus001,Schumaker,Skip,L,R,SLN,2B
1201,tallb001,Tallet,Brian,L,L,SLN,P
1202,therr001,Theriot,Ryan,R,R,SLN,SS
1203,valdr002,Valdes,Raul,L,L,SLN,P
1204,waltp001,Walters,P.J.,R,R,SLN,P
1205,westj001,Westbrook,Jake,R,R,SLN,P
1206,brigr001,Brignac,Reid,L,R,TBA,SS
1207,buenj001,Buente,Jay,R,R,TBA,P
1208,canzr001,Canzler,Russ,R,R,TBA,3B
1209,cobba001,Cobb,Alex,R,R,TBA,P
1210,chirr001,Chirinos,Robinson,R,R,TBA,C
1211,cruzj005,Cruz,Juan,R,R,TBA,P
1212,damoj001,Damon,Johnny,L,L,TBA,OF
1213,daviw001,Davis,Wade,R,R,TBA,P
1214,delad001,De La Rosa,Dane,R,R,TBA,P
1215,delar002,Delaney,Rob,L,R,TBA,P
1216,ekstm001,Ekstrom,Mike,R,R,TBA,P
1217,farnk001,Farnsworth,Kyle,R,R,TBA,P
1218,fulds001,Fuld,Sam,L,L,TBA,OF
1219,gomeb001,Gomes,Brandon,R,R,TBA,P
1220,guyeb001,Guyer,Brandon,R,R,TBA,OF
1221,hellj001,Hellickson,Jeremy,R,R,TBA,P
1222,howej003,Howell,J.P.,L,L,TBA,P
1223,jasoj001,Jaso,John,L,R,TBA,C
1224,jennd002,Jennings,Desmond,R,R,TBA,OF
1225,johnd004,Johnson,Dan,L,R,TBA,1B
1226,johne002,Johnson,Elliot,B,R,TBA,2B
1227,joycm001,Joyce,Matthew,L,R,TBA,OF
1228,kotcc001,Kotchman,Casey,L,L,TBA,1B
1229,lobaj001,Lobaton,Jose,B,R,TBA,C
1230,longe001,Longoria,Evan,R,R,TBA,3B
1231,lopef001,Lopez,Felipe,B,R,TBA,SS
1232,mcgej001,McGee,Jake,L,L,TBA,P
1233,moorm003,Moore,Matt,L,L,TBA,P
1234,niemj001,Niemann,Jeff,R,R,TBA,P
1235,peraj002,Peralta,Joel,R,R,TBA,P
1236,pricd001,Price,David,L,L,TBA,P
1237,ramim002,Ramirez,Manny,R,R,TBA,OF
1238,ramoc001,Ramos,Cesar,L,L,TBA,P
1239,rodrs002,Rodriguez,Sean,R,R,TBA,2B
1240,ruggj001,Ruggiano,Justin,R,R,TBA,OF
1241,russa001,Russell,Adam,R,R,TBA,P
1242,shiej002,Shields,James,R,R,TBA,P
1243,shopk001,Shoppach,Kelly,R,R,TBA,C
1244,sonna001,Sonnanstine,Andy,L,R,TBA,P
1245,torra002,Torres,Alexander,L,L,TBA,P
1246,uptob001,Upton,B.J.,R,R,TBA,OF
1247,zobrb001,Zobrist,Ben,B,R,TBA,SS
1248,adamm001,Adams,Mike,R,R,TEX,P
1249,andre001,Andrus,Elvis,R,R,TEX,SS
1250,belta001,Beltre,Adrian,R,R,TEX,3B
1251,blana001,Blanco,Andres,B,R,TEX,SS
1252,borbj001,Borbon,Julio,L,L,TEX,OF
1253,bushd001,Bush,Dave,R,R,TEX,P
1254,chave002,Chavez,Endy,L,L,TEX,OF
1255,cruzn002,Cruz,Nelson,R,R,TEX,OF
1256,davic003,Davis,Chris,L,R,TEX,1B
1257,epplc001,Eppley,Cody,R,R,TEX,P
1258,felds001,Feldman,Scott,L,R,TEX,P
1259,felin001,Feliz,Neftali,R,R,TEX,P
1260,gentc001,Gentry,Craig,R,R,TEX,OF
1261,germe001,German,Esteban,R,R,TEX,2B
1262,gonzm001,Gonzalez,Mike,R,L,TEX,P
1263,hambm001,Hamburger,Mark,R,R,TEX,P
1264,hamij003,Hamilton,Josh,L,L,TEX,OF
1265,harrm001,Harrison,Matt,L,L,TEX,P
1266,holld003,Holland,Derek,B,L,TEX,P
1267,huntt002,Hunter,Tommy,R,R,TEX,P
1268,kinsi001,Kinsler,Ian,R,R,TEX,SS
1269,kirkm001,Kirkman,Michael,L,L,TEX,P
1270,lewic001,Lewis,Colby,R,R,TEX,P
1271,lowem002,Lowe,Mark,R,R,TEX,P
1272,martl004,Martin,Leonys,L,R,TEX,OF
1273,morem001,Moreland,Mitch,L,L,TEX,OF
1274,murpd005,Murphy,David,L,L,TEX,OF
1275,napom001,Napoli,Mike,R,R,TEX,C
1276,odayd001,O'Day,Darren,R,R,TEX,P
1277,ogana001,Ogando,Alexi,R,R,TEX,P
1278,olivd001,Oliver,Darren,R,L,TEX,P
1279,quino001,Quintanilla,Omar,L,R,TEX,SS
1280,rhoda001,Rhodes,Arthur,L,L,TEX,P
1281,strop001,Strop,Pedro,R,R,TEX,P
1282,tatey001,Tateyama,Yoshinori,R,R,TEX,P
1283,teagt001,Teagarden,Taylor,R,R,TEX,C
1284,tobim001,Tobin,Mason,R,R,TEX,P
1285,tomkb001,Tomko,Brett,R,R,TEX,P
1286,torry001,Torrealba,Yorvit,R,R,TEX,C
1287,tream001,Treanor,Matt,R,R,TEX,C
1288,tuckr001,Tucker,Ryan,R,R,TEX,P
1289,uehak001,Uehara,Koji,R,R,TEX,P
1290,valdm003,Valdez,Merkin,R,R,TEX,P
1291,wilsc004,Wilson,C.J.,L,L,TEX,P
1292,younm003,Young,Michael,R,R,TEX,SS
1293,alvah001,Alvarez,Henderson,R,R,TOR,P
1294,arenj001,Arencibia,J.P.,R,R,TOR,P
1295,bautj002,Bautista,Jose,R,R,TOR,3B
1296,beckc001,Beck,Chad,R,R,TOR,P
1297,camps002,Camp,Shawn,R,R,TOR,P
1298,carrj002,Carreno,Joel,R,R,TOR,P
1299,cecib001,Cecil,Brett,R,L,TOR,P
1300,coopd002,Cooper,David,L,L,TOR,1B
1301,davir003,Davis,Rajai,R,R,TOR,OF
1302,doteo001,Dotel,Octavio,R,R,TOR,P
1303,drabk001,Drabek,Kyle,R,R,TOR,P
1304,encae001,Encarnacion,Edwin,R,R,TOR,3B
1305,escoy001,Escobar,Yunel,R,R,TOR,SS
1306,farqd001,Farquhar,Danny,R,R,TOR,P
1307,franf001,Francisco,Frank,R,R,TOR,P
1308,frasj002,Frasor,Jason,R,R,TOR,P
1309,hilla001,Hill,Aaron,R,R,TOR,2B
1310,jansc001,Janssen,Casey,R,R,TOR,P
1311,johnk003,Johnson,Kelly,L,R,TOR,OF
1312,lawrb002,Lawrie,Brett,R,R,TOR,3B
1313,ledew001,Ledezma,Wil,L,L,TOR,P
1314,lewir002,Lewis,Rommie,L,L,TOR,P
1315,linda001,Lind,Adam,L,L,TOR,OF
1316,litsj001,Litsch,Jesse,R,R,TOR,P
1317,loewa001,Loewen,Adam,L,L,TOR,OF
1318,mastd002,Mastroianni,Darin,R,R,TOR,OF
1319,mccom001,McCoy,Mike,R,R,TOR,SS
1320,mcdoj003,McDonald,John,R,R,TOR,SS
1321,mcgod001,McGowan,Dustin,R,R,TOR,P
1322,millt002,Miller,Trever,R,L,TOR,P
1323,millb001,Mills,Brad,R,L,TOR,P
1324,molij001,Molina,Jose,R,R,TOR,C
1325,morrb001,Morrow,Brandon,R,R,TOR,P
1326,nix-j001,Nix,Jayson,R,R,TOR,2B
1327,pattc001,Patterson,Corey,L,R,TOR,OF
1328,perel001,Perez,Luis,L,L,TOR,P
1329,purcd001,Purcey,David,L,L,TOR,P
1330,rasmc001,Rasmus,Colby,L,L,TOR,OF
1331,raucj001,Rauch,Jon,R,R,TOR,P
1332,reyej003,Reyes,Jo-Jo,L,L,TOR,P
1333,richs001,Richmond,Scott,R,R,TOR,P
1334,rivej001,Rivera,Juan,R,R,TOR,OF
1335,romer002,Romero,Ricky,R,L,TOR,P
1336,rzepm001,Rzepczynski,Marc,L,L,TOR,P
1337,snidt001,Snider,Travis,L,L,TOR,OF
1338,stewz001,Stewart,Zach,R,R,TOR,P
1339,tallb001,Tallet,Brian,L,L,TOR,P
1340,teahm001,Teahen,Mark,L,R,TOR,3B
1341,thame001,Thames,Eric,L,R,TOR,OF
1342,villc001,Villanueva,Carlos,R,R,TOR,P
1343,waltp001,Walters,P.J.,R,R,TOR,P
1344,wised001,Wise,Dewayne,L,L,TOR,OF
1345,woodc001,Woodward,Chris,R,R,TOR,SS
1346,ankir001,Ankiel,Rick,L,L,WAS,OF
1347,balec001,Balester,Collin,R,R,WAS,P
1348,bernr001,Bernadina,Roger,L,L,WAS,OF
1349,bixlb001,Bixler,Brian,R,R,WAS,SS
1350,brodb001,Broderick,Brian,R,R,WAS,P
1351,browc003,Brown,Corey,L,L,WAS,OF
1352,burns001,Burnett,Sean,L,L,WAS,P
1353,clipt001,Clippard,Tyler,R,R,WAS,P
1354,cofft001,Coffey,Todd,R,R,WAS,P
1355,coraa001,Cora,Alex,L,R,WAS,SS
1356,desmi001,Desmond,Ian,R,R,WAS,SS
1357,detwr001,Detwiler,Ross,R,L,WAS,P
1358,espid001,Espinosa,Danny,B,R,WAS,SS
1359,florj002,Flores,Jesus,R,R,WAS,C
1360,gaudc001,Gaudin,Chad,R,R,WAS,P
1361,gomej001,Gomes,Jonny,R,R,WAS,OF
1362,gorzt001,Gorzelanny,Tom,L,L,WAS,P
1363,hairj002,Hairston,Jerry,R,R,WAS,2B
1364,hernl003,Hernandez,Livan,R,R,WAS,P
1365,kimbc002,Kimball,Cole,R,R,WAS,P
1366,lannj001,Lannan,John,L,L,WAS,P
1367,laroa001,LaRoche,Adam,L,L,WAS,1B
1368,lombs002,Lombardozzi,Steve,B,R,WAS,2B
1369,marqj001,Marquis,Jason,L,R,WAS,P
1370,marrc001,Marrero,Chris,R,R,WAS,1B
1371,mattr001,Mattheus,Ryan,R,R,WAS,P
1372,mayay001,Maya,Yunesky,R,R,WAS,P
1373,milot001,Milone,Tom,L,L,WAS,P
1374,morsm001,Morse,Mike,R,R,WAS,1B
1375,nix-l001,Nix,Laynce,L,L,WAS,OF
1376,peacb001,Peacock,Brad,R,R,WAS,P
1377,ramow001,Ramos,Wilson,R,R,WAS,C
1378,rodrh002,Rodriguez,Henry,R,R,WAS,P
1379,rodri001,Rodriguez,Ivan,R,R,WAS,C
1380,sevea001,Severino,Atahualpa,L,L,WAS,P
1381,slatd001,Slaten,Doug,L,L,WAS,P
1382,staim001,Stairs,Matt,L,R,WAS,OF
1383,stamc001,Stammen,Craig,R,R,WAS,P
1384,stord001,Storen,Drew,B,R,WAS,P
1385,stras001,Strasburg,Stephen,R,R,WAS,P
1386,wangc001,Wang,Chien-Ming,R,R,WAS,P
1387,wertj001,Werth,Jayson,R,R,WAS,OF
1388,zimmj003,Zimmermann,Jordan,R,R,WAS,P
1389,zimmr001,Zimmerman,Ryan,R,R,WAS,3B
